split,n_rows,pct_rows,hour_idx_start,hour_idx_end,duration_days_approx
train,25689,69.9801138685336,24,25712,1070.375
calib,5509,15.007218938135063,25713,31221,229.54166666666666
test,5511,15.012667193331335,31222,36732,229.625
all,36709,100.0,24,36732,1529.5416666666667
