target,TIT,NOX,CO
TIT,1.0,-0.21417518320873533,-0.7062881289903552
NOX,-0.21417518320873533,1.0,0.3414177504203454
CO,-0.7062881289903552,0.3414177504203454,1.0
