{
  "alpha_grid": [
    0.05,
    0.07,
    0.1,
    0.15,
    0.2
  ],
  "targets": {
    "TIT": {
      "point_residual_quantiles": [
        3.0719068122596127,
        2.4605441741541654,
        1.783611990035297,
        1.0209879208337043,
        0.6206719774827434
      ],
      "point_test_coverage": [
        0.9794955543458538,
        0.968608238069316,
        0.9575394665215025,
        0.9375793866811831,
        0.9074578116494284
      ],
      "cqr_score_quantiles": [
        -0.059768132541876184,
        -0.08845072698272816,
        -0.12631412896530492,
        -0.1916703566846536,
        -0.2673269869312662
      ],
      "cqr_test_coverage": [
        0.9637089457448739,
        0.9502812556704773,
        0.9268735256759209,
        0.8633641807294502,
        0.7853384140809291
      ]
    },
    "NOX": {
      "point_residual_quantiles": [
        3.1787197865384726,
        2.3145971525996316,
        1.5988990117834732,
        0.8849307631140775,
        0.35107839565647936
      ],
      "point_test_coverage": [
        0.965160587915079,
        0.9502812556704773,
        0.9241516966067864,
        0.8827798947559427,
        0.8455815641444384
      ],
      "cqr_score_quantiles": [
        -1.4480185891116122,
        -1.9145141895303652,
        -2.4488560247784648,
        -3.120782742648032,
        -3.7857929536543438
      ],
      "cqr_test_coverage": [
        0.9569951007076756,
        0.9433859553620033,
        0.9199782253674469,
        0.8867719107240065,
        0.849755035383778
      ]
    },
    "CO": {
      "point_residual_quantiles": [
        1.2744230422393232,
        1.0889668479948085,
        0.8700510680754792,
        0.6788188574605596,
        0.5500920786395089
      ],
      "point_test_coverage": [
        0.9638904010161495,
        0.9540918163672655,
        0.9272364362184722,
        0.8869533659952822,
        0.8399564507348939
      ],
      "cqr_score_quantiles": [
        0.2021892609730065,
        0.08308039173891135,
        -0.035963982497547065,
        -0.1611669831787781,
        -0.25312473177374484
      ],
      "cqr_test_coverage": [
        0.9386681183088369,
        0.9005625113409544,
        0.8294320450009073,
        0.742152059517329,
        0.6719288695336599
      ]
    }
  }
}