{
  "created_utc": "2026-02-23T17:23:42.061641+00:00",
  "upper_tau": 0.95,
  "targets": {
    "TIT": {
      "point_metrics": {
        "train": {
          "mae": 0.4519567485533759,
          "rmse": 1.0653834196970084,
          "medae": 0.17708742952936518,
          "r2": 0.9959018478539736,
          "mape_pct": 0.042094116242405354,
          "smape_pct": 0.04206638142154461,
          "bias": -0.1084699768834498,
          "error_std": 1.0598472036478634,
          "max_abs_error": 29.19040101819155,
          "abs_error_p50": 0.17708742952936518,
          "abs_error_p90": 0.9273492027378781,
          "abs_error_p95": 1.9910329911008802,
          "pearson_r": 0.9979720043325082
        },
        "calib": {
          "mae": 2.235978800133024,
          "rmse": 3.121365767707958,
          "medae": 1.9200197203128937,
          "r2": 0.9728093611334148,
          "mape_pct": 0.2094532365268017,
          "smape_pct": 0.20919115222275686,
          "bias": -1.1925904444078848,
          "error_std": 2.8845540881956246,
          "max_abs_error": 43.74559509448852,
          "abs_error_p50": 1.9200197203128937,
          "abs_error_p90": 4.430468761163411,
          "abs_error_p95": 5.43722687128975,
          "pearson_r": 0.9883211329383562
        },
        "test": {
          "mae": 2.147523666119894,
          "rmse": 2.9441847441903093,
          "medae": 1.6540562173422586,
          "r2": 0.9763986071036841,
          "mape_pct": 0.20022629324429672,
          "smape_pct": 0.19993291339711539,
          "bias": -1.6208443904357404,
          "error_std": 2.4578623374623634,
          "max_abs_error": 19.939449742944362,
          "abs_error_p50": 1.6540562173422586,
          "abs_error_p90": 4.856158946783353,
          "abs_error_p95": 5.384895410760919,
          "pearson_r": 0.9918341935956934
        }
      },
      "quantile_metrics": {
        "train": {
          "pinball": 0.08074901572776534,
          "empirical_coverage": 0.9409864144186227,
          "coverage_gap_to_tau": -0.009013585581377215
        },
        "calib": {
          "pinball": 0.2433090117458624,
          "empirical_coverage": 0.9680522780903975,
          "coverage_gap_to_tau": 0.018052278090397555
        },
        "test": {
          "pinball": 0.22275495433478468,
          "empirical_coverage": 0.9829432045000908,
          "coverage_gap_to_tau": 0.032943204500090806
        }
      },
      "best_iteration": 2528,
      "overfit": true,
      "generalization_gap": {
        "mae_gap_frac": 0.797870736284938,
        "r2_gap": 0.023092486720558858
      }
    },
    "NOX": {
      "point_metrics": {
        "train": {
          "mae": 1.58311964437137,
          "rmse": 2.6244778230492427,
          "medae": 0.9678818494092383,
          "r2": 0.9427937394249789,
          "mape_pct": 2.3101508294278976,
          "smape_pct": 2.2939562022038262,
          "bias": -0.12028267439451469,
          "error_std": 2.6217200311852134,
          "max_abs_error": 31.10431446422173,
          "abs_error_p50": 0.9678818494092383,
          "abs_error_p90": 3.505671244843069,
          "abs_error_p95": 5.151469474477152,
          "pearson_r": 0.9712547435815211
        },
        "calib": {
          "mae": 3.5787781383532646,
          "rmse": 5.061000261139823,
          "medae": 2.6193218194438828,
          "r2": 0.8261488614725832,
          "mape_pct": 6.000552957304964,
          "smape_pct": 5.729980339968697,
          "bias": -2.45101710319335,
          "error_std": 4.427893269164358,
          "max_abs_error": 49.43023229371579,
          "abs_error_p50": 2.6193218194438828,
          "abs_error_p90": 7.800888923291382,
          "abs_error_p95": 10.195742651547357,
          "pearson_r": 0.9329849156098812
        },
        "test": {
          "mae": 3.9059791264160078,
          "rmse": 5.1301380791786855,
          "medae": 3.3133936999074223,
          "r2": 0.6251581469140871,
          "mape_pct": 7.169275409464141,
          "smape_pct": 6.816385672892814,
          "bias": -3.0467366624661527,
          "error_std": 4.1274341207369725,
          "max_abs_error": 41.7811797665447,
          "abs_error_p50": 3.3133936999074223,
          "abs_error_p90": 7.724148024799845,
          "abs_error_p95": 9.446007937365607,
          "pearson_r": 0.8715522889496954
        }
      },
      "quantile_metrics": {
        "train": {
          "pinball": 0.21493878328292365,
          "empirical_coverage": 0.9479933045272295,
          "coverage_gap_to_tau": -0.0020066954727704367
        },
        "calib": {
          "pinball": 0.47581378971623217,
          "empirical_coverage": 0.9860228716645489,
          "coverage_gap_to_tau": 0.03602287166454898
        },
        "test": {
          "pinball": 0.4818118777068883,
          "empirical_coverage": 0.9876610415532571,
          "coverage_gap_to_tau": 0.03766104155325711
        }
      },
      "best_iteration": 391,
      "overfit": true,
      "generalization_gap": {
        "mae_gap_frac": 0.5576368293397966,
        "r2_gap": 0.11664487795239575
      }
    },
    "CO": {
      "point_metrics": {
        "train": {
          "mae": 0.3882628154548257,
          "rmse": 1.151227701924522,
          "medae": 0.20155947286419568,
          "r2": 0.7346981482001114,
          "mape_pct": 47.173942300335725,
          "smape_pct": 20.842845204032994,
          "bias": 0.007107788725619542,
          "error_std": 1.1512057596354563,
          "max_abs_error": 35.97572318682349,
          "abs_error_p50": 0.20155947286419568,
          "abs_error_p90": 0.7637042048166629,
          "abs_error_p95": 1.1936135622845676,
          "pearson_r": 0.860268181462575
        },
        "calib": {
          "mae": 0.5979767087011799,
          "rmse": 1.5205135144927544,
          "medae": 0.32435395730433014,
          "r2": 0.622194910011029,
          "mape_pct": 33.02954843615616,
          "smape_pct": 19.626885598902096,
          "bias": 0.17232449031815114,
          "error_std": 1.5107169217929932,
          "max_abs_error": 34.294260882110805,
          "abs_error_p50": 0.32435395730433014,
          "abs_error_p90": 1.182622281918339,
          "abs_error_p95": 1.703888266077782,
          "pearson_r": 0.7930774359769194
        },
        "test": {
          "mae": 0.4562800061003404,
          "rmse": 1.0355141136728263,
          "medae": 0.27553610287598906,
          "r2": 0.7311708616983659,
          "mape_pct": 16.834798108559646,
          "smape_pct": 16.583100791106446,
          "bias": 0.20366497676925333,
          "error_std": 1.0152881644406175,
          "max_abs_error": 34.49258355901127,
          "abs_error_p50": 0.27553610287598906,
          "abs_error_p90": 0.904883208933609,
          "abs_error_p95": 1.3169351834348868,
          "pearson_r": 0.8612613448538385
        }
      },
      "quantile_metrics": {
        "train": {
          "pinball": 0.0821998840129206,
          "empirical_coverage": 0.9500175172252715,
          "coverage_gap_to_tau": 1.751722527154609e-05
        },
        "calib": {
          "pinball": 0.1632249208077568,
          "empirical_coverage": 0.9108731167180977,
          "coverage_gap_to_tau": -0.03912688328190228
        },
        "test": {
          "pinball": 0.10491492340781657,
          "empirical_coverage": 0.8542914171656687,
          "coverage_gap_to_tau": -0.09570858283433126
        }
      },
      "best_iteration": 104,
      "overfit": true,
      "generalization_gap": {
        "mae_gap_frac": 0.35070578869511143,
        "r2_gap": 0.11250323818908237
      }
    }
  },
  "overfit_targets": [
    "TIT",
    "NOX",
    "CO"
  ],
  "conformal_coverage": {
    "TIT": [
      {
        "alpha": 0.05,
        "nominal_coverage": 0.95,
        "point_coverage": 0.9794955543458538,
        "point_gap": 0.029495554345853825,
        "cqr_coverage": 0.9637089457448739,